Source,Target
Walden University,College of Medicine Alfaisal University
Walden University,Aswan University Hospital
Walden University,Preventive Medicine and Public Health Research Center
Walden University,Hematology Oncology and Stem Cell Transplantation Research Center
Walden University,Digestive Diseases Research Institute
Walden University,Non-Communicable Diseases Research Center
Walden University,Institutionen för Kliniska Vetenskaper Lund
Walden University,Melbourne School of Population and Global Health
Walden University,Contech International Health Consultants
Walden University,Hamdan Bin Mohammed Smart University
Walden University,Federal Institute for Population Research
Walden University,Alborz University of Medical Sciences
Walden University,Jazan University
Walden University,Université de Lorraine
Walden University,King Fahad Medical City
Walden University,Faculty of Medicine University of Peradeniya
Walden University,Japan International Cooperation Agency
Walden University,Arabian Gulf University
Walden University,Birzeit University
Walden University,Secretariat of the Pacific Community Noumea
Walden University,Université de Tunis El Manar Institut Salah Azaiez
Walden University,Ministry of Health Kuwait
Walden University,Stavanger University Hospital
Walden University,American University of Beirut
Walden University,Centre Hospitalier - Universitaire d'Oran
Walden University,Health Services Academy Islamabad
Walden University,Jordan University of Science and Technology
Walden University,Pontificia Universidad Javeriana
Walden University,Ministry of Health Saudi Arabia
Walden University,Harvard T.H. Chan School of Public Health
Walden University,Hospital for Sick Children University of Toronto
Walden University,Tropical Medicine
Walden University,Korea University College of Medicine
Walden University,Universitetet i Bergen
Walden University,UCLA Fielding School of Public Health
Walden University,KyungHee University College of Medicine
Walden University,Ball State University
Walden University,Public Health Agency of Canada
Walden University,The University of Edinburgh
Walden University,The University of Alabama at Birmingham
Walden University,Sveriges lantbruksuniversitet
Walden University,University of Melbourne
Walden University,Charité – Universitätsmedizin Berlin
Walden University,The University of Sydney
Walden University,Taipei Medical University
Walden University,University of Virginia
Walden University,Cleveland Clinic Foundation
Walden University,Merton College
Walden University,Universidade Federal de Santa Catarina
Walden University,Universität Heidelberg
Walden University,University of Toronto
Walden University,University of Aberdeen
Walden University,Universität Bielefeld
Walden University,University of Washington
Walden University,Thomas Jefferson University
Walden University,University of Tasmania
Walden University,Aintree University Hospital
Walden University,King Saud University
Walden University,Howard University
Walden University,Karolinska Institutet
Walden University,Norwegian Institute of Public Health
Walden University,Kosin University
Walden University,Kyoto University
Walden University,Ahmadu Bello University
Walden University,Työterveyslaitos
Walden University,The University of British Columbia
Walden University,Oregon Health &amp
Walden University,Cabrini Health
Walden University,Murdoch Children's Research Institute
Walden University,Sina Trauma and Surgery Research Center
Walden University,Universidade de São Paulo
Walden University,University of Liverpool School of Medicine
Walden University,Faculty of Medicine
Walden University,Charles R. Drew University of Medicine and Science
Walden University,National Heart Lung and Blood Institute (NHLBI)
Walden University,David Geffen School of Medicine at UCLA
Walden University,University of Northumbria
Walden University,Universitat de València
Walden University,Jackson State University
Walden University,Society for Health and Demographic Surveillance
Walden University,Sweidi Hospital
Walden University,Hunger Action Los Angeles
Walden University,German National Cohort Consortium
Walden University,Contech School of Public Health
Walden University,Nevada Division of Public and Behavioral Health
Walden University,Federal Teaching Hospital
Walden University,West Virginia Bureau for Public Health
Walden University,Iranian Center for Evidence-Based Medicine
Walden University,College of Medicine University of Ibadan
Walden University,University of Leicester School of Business
Walden University,Murdoch Business School
Walden University,IUMS Health Management and Economics Research Center
Walden University,Liver and Pancreatobiliary Diseases Research Center
Walden University,Multiple Sclerosis Research Center
Walden University,Advanced Diagnostic and Interventional Radiology Research Center
Walden University,The Institute of Pharmaceutical Sciences (TIPS)
Walden University,Social Determinants of Health Research Center Birjand University of Medical Sciences
Walden University,University of Health and Allied Sciences Ghana
Walden University,Institute of Forensic Science Nagpur
Walden University,Debre Berhan University
Walden University,South Australian Health and Medical Research Institute
Walden University,Bucharest University of Economic Studies
Walden University,Universidad de la Costa
Walden University,Bangladesh University of Health Sciences
Walden University,Iranshahr University of Medical Sciences
Walden University,Mekelle University
Walden University,Imam Abdulrahman Bin Faisal university
Walden University,Universiti Sultan Zainal Abidin
Walden University,Cardiff University School of Medicine
Walden University,Université de Bordeaux
Walden University,Birmingham City University
Walden University,Maragheh University of Medical Sciences
Walden University,The Faculty of Health Sciences
Walden University,Agricultural Research Education &amp
Walden University,Extension Organization Iran
Walden University,Centro de Investigación Biomédica en Red de Epidemiología y Salud Pública
Walden University,Instytut Centrum Zdrowia Matki Polki
Walden University,Sultan Qaboos University
Walden University,University of the Philippines Manila
Walden University,Bahar Dar University
Walden University,African Population &amp
Walden University,The University of Jordan
Walden University,Universidad de Cartagena
Walden University,Universitas Sebelas Maret
Walden University,Kuwait University
Walden University,Universitatea de Medicina si Farmacie Carol Davila din Bucuresti
Walden University,Universitat Pompeu Fabra Barcelona
Walden University,Sapienza Università di Roma
Walden University,McMaster University
Walden University,The University of Queensland
Walden University,Zahedan University of Medical Sciences
Walden University,Universidade Federal de Minas Gerais
Walden University,University of Southern California
Walden University,University of Washington School of Medicine
Walden University,Royal Brisbane and Women's Hospital
Walden University,Tehran University of Medical Sciences
Walden University,University of Texas Health Science Center at Houston
Walden University,Mayo Clinic Scottsdale-Phoenix Arizona
Walden University,University of Newcastle upon Tyne Faculty of Medical Sciences
Walden University,Ardabil University of Medical Sciences
Walden University,University of Thessaly
Walden University,Iran University of Medical Sciences
Walden University,Georgetown University
Walden University,Instituto Nacional de Salud Pública. México
Walden University,Shiraz University of Medical Sciences
Walden University,Isfahan University of Medical Sciences
Walden University,Karolinska Universitetssjukhuset
Walden University,Mazandaran University of Medical Sciences
Walden University,University College Hospital Ibadan
Walden University,Högskolan Dalarna
Walden University,Washington University in St. Louis
Walden University,Rijksuniversiteit Groningen
Walden University,Rafsanjan University of Medical Sciences
Walden University,Hong Kong Polytechnic University
Walden University,Kermanshah University of Medical Sciences
Walden University,Medical University of Lodz
Walden University,National Institutes of Health (NIH)
Walden University,Hamadan University of Medical Sciences
Walden University,Johns Hopkins Bloomberg School of Public Health
Walden University,Mayo Clinic
Walden University,Southeast University
Walden University,King Abdulaziz University
Walden University,Guy's and St Thomas' NHS Foundation Trust
Walden University,Burnet Institute
Walden University,Harvard Medical School
Walden University,Baylor College of Medicine
Walden University,Universiti Kebangsaan Malaysia
Walden University,Stellenbosch University
Walden University,Federal Ministry of Health
Walden University,Tishk International University
Walden University,Sydney Local Health District
Walden University,School of Health Management and Information Sciences
Walden University,Health Human Resources Research Center (SUMS)
Walden University,Health Promotion Research Center (ZAUMS)
Walden University,Social Determinants of Health Research Center
Walden University,Wollega University
Walden University,Erbil Polytechnic University
Walden University,The IIHMR University Jaipur
Walden University,Wolaita Sodo University
Walden University,Madda Walabu University
Walden University,Debre Markos University
Walden University,Ambo University
Walden University,Adigrat University
Walden University,All India Institute of Medical Sciences Jodhpur
Walden University,École Nationale Supérieure Vétérinaire d'Alger
Walden University,Datta Meghe Institute of Higher Education &amp
Walden University,King Saud bin Abdulaziz University for Health Sciences
Walden University,ANU Medical School
Walden University,Kwame Nkrumah University of Science and Technology
Walden University,Universidad Nacional Autónoma de México
Walden University,Range Cattle Research and Education Center
Walden University,Babol University of Medical Sciences
Walden University,Urmia University of Medical Sciences
Walden University,Hopital Dupuytren
Walden University,Western Sydney University
Walden University,Universidad Autónoma Metropolitana
Walden University,University of Otago
Walden University,Sechenov First Moscow State Medical University
Walden University,BRAC University
Walden University,Universidade do Porto
Walden University,The University of Auckland
Walden University,Nanyang Technological University
Walden University,Johns Hopkins University
Walden University,University of Oxford Medical Sciences Division
Walden University,Universiteit van Amsterdam
Walden University,Instituto Nacional de Psiquiatría Ramon de la Fuente
Walden University,University of Massachusetts Chan Medical School
Walden University,Klinikum der Universität München
Walden University,Philippine Institute for Development Studies
Walden University,Peruvian National Institute of Health
Walden University,Research Department
